<?xml version="1.0" encoding="UTF-8"?>
<project-private xmlns="http://www.netbeans.org/ns/project-private/1">
    <editor-bookmarks xmlns="http://www.netbeans.org/ns/editor-bookmarks/2" lastBookmarkId="0"/>
    <open-files xmlns="http://www.netbeans.org/ns/projectui-open-files/2">
        <group>
            <file>file:/C:/Users/msimm/Documents/NetBeansProjects/GestionPartes/src/com/gp/modelo/viajes/ViajesTM.java</file>
            <file>file:/C:/Users/msimm/Documents/NetBeansProjects/GestionPartes/src/com/gp/modelo/viajes/ModeloViajes.java</file>
            <file>file:/C:/Users/msimm/Documents/NetBeansProjects/GestionPartes/src/com/gp/utils/Utilidades.java</file>
            <file>file:/C:/Users/msimm/Documents/NetBeansProjects/GestionPartes/src/com/gp/vista/VTrabajadores.java</file>
            <file>file:/C:/Users/msimm/Documents/NetBeansProjects/GestionPartes/src/com/gp/vista/VPrincipal.java</file>
        </group>
    </open-files>
</project-private>
